コード1,分類1,コード2,分類2,薬効分類コード,薬効分類名,薬効分類番号,薬効分類細目名
1,神経系及び感覚器官用医薬品,11,中枢神経系用薬,111,全身麻酔剤,1111,炭化水素製剤
1,神経系及び感覚器官用医薬品,11,中枢神経系用薬,111,全身麻酔剤,1112,ハロゲン炭化水素製剤
1,神経系及び感覚器官用医薬品,11,中枢神経系用薬,111,全身麻酔剤,1113,ハロゲンアルコール製剤
1,神経系及び感覚器官用医薬品,11,中枢神経系用薬,111,全身麻酔剤,1114,エーテル系製剤
1,神経系及び感覚器官用医薬品,11,中枢神経系用薬,111,全身麻酔剤,1115,溶性バルビツール酸系及び溶性チオバルビツール酸系製剤
1,神経系及び感覚器官用医薬品,11,中枢神経系用薬,111,全身麻酔剤,1116,亜酸化窒素製剤
1,神経系及び感覚器官用医薬品,11,中枢神経系用薬,111,全身麻酔剤,1119,その他の全身麻酔剤
1,神経系及び感覚器官用医薬品,11,中枢神経系用薬,112,催眠鎮静剤、抗不安剤,1121,有機ブロム化合物製剤
1,神経系及び感覚器官用医薬品,11,中枢神経系用薬,112,催眠鎮静剤、抗不安剤,1122,メプロバメート系製剤
1,神経系及び感覚器官用医薬品,11,中枢神経系用薬,112,催眠鎮静剤、抗不安剤,1123,抱水クロラール系製剤
1,神経系及び感覚器官用医薬品,11,中枢神経系用薬,112,催眠鎮静剤、抗不安剤,1124,ベンゾジアゼピン系製剤
1,神経系及び感覚器官用医薬品,11,中枢神経系用薬,112,催眠鎮静剤、抗不安剤,1125,バルビツール酸系及びチオバルビツール酸系製剤
1,神経系及び感覚器官用医薬品,11,中枢神経系用薬,112,催眠鎮静剤、抗不安剤,1126,ブロム塩製剤
1,神経系及び感覚器官用医薬品,11,中枢神経系用薬,112,催眠鎮静剤、抗不安剤,1127,トウキ、センキュウ製剤
1,神経系及び感覚器官用医薬品,11,中枢神経系用薬,112,催眠鎮静剤、抗不安剤,1129,その他の催眠鎮静剤、抗不安剤
1,神経系及び感覚器官用医薬品,11,中枢神経系用薬,113,抗てんかん剤,1131,フェナセミド系製剤
1,神経系及び感覚器官用医薬品,11,中枢神経系用薬,113,抗てんかん剤,1132,ヒダントイン系製剤
1,神経系及び感覚器官用医薬品,11,中枢神経系用薬,113,抗てんかん剤,1133,オキサゾリジン系製剤
1,神経系及び感覚器官用医薬品,11,中枢神経系用薬,113,抗てんかん剤,1134,バルビツール酸系製剤
1,神経系及び感覚器官用医薬品,11,中枢神経系用薬,113,抗てんかん剤,1135,プリミドン系製剤
1,神経系及び感覚器官用医薬品,11,中枢神経系用薬,113,抗てんかん剤,1136,アミノ酪酸系製剤
1,神経系及び感覚器官用医薬品,11,中枢神経系用薬,113,抗てんかん剤,1137,スルホンアミド系製剤
1,神経系及び感覚器官用医薬品,11,中枢神経系用薬,113,抗てんかん剤,1139,その他の抗てんかん剤
1,神経系及び感覚器官用医薬品,11,中枢神経系用薬,114,解熱鎮痛消炎剤,1141,アニリン系製剤
1,神経系及び感覚器官用医薬品,11,中枢神経系用薬,114,解熱鎮痛消炎剤,1142,ベンジダミン製剤
1,神経系及び感覚器官用医薬品,11,中枢神経系用薬,114,解熱鎮痛消炎剤,1143,サリチル酸系製剤
1,神経系及び感覚器官用医薬品,11,中枢神経系用薬,114,解熱鎮痛消炎剤,1144,ピラゾロン系製剤
1,神経系及び感覚器官用医薬品,11,中枢神経系用薬,114,解熱鎮痛消炎剤,1145,インドメタシン製剤
1,神経系及び感覚器官用医薬品,11,中枢神経系用薬,114,解熱鎮痛消炎剤,1146,ピラビタール系類複合体製剤
1,神経系及び感覚器官用医薬品,11,中枢神経系用薬,114,解熱鎮痛消炎剤,1147,フェニル酢酸系製剤
1,神経系及び感覚器官用医薬品,11,中枢神経系用薬,114,解熱鎮痛消炎剤,1148,塩基性消炎鎮痛剤
1,神経系及び感覚器官用医薬品,11,中枢神経系用薬,114,解熱鎮痛消炎剤,1149,その他の解熱鎮痛消炎剤
1,神経系及び感覚器官用医薬品,11,中枢神経系用薬,115,興奮剤、覚醒剤,1151,アンフェタミン系製剤
1,神経系及び感覚器官用医薬品,11,中枢神経系用薬,115,興奮剤、覚醒剤,1152,ヨヒンビン製剤
1,神経系及び感覚器官用医薬品,11,中枢神経系用薬,115,興奮剤、覚醒剤,1153,ベメグリド製剤
1,神経系及び感覚器官用医薬品,11,中枢神経系用薬,115,興奮剤、覚醒剤,1154,アルカロイド製剤
1,神経系及び感覚器官用医薬品,11,中枢神経系用薬,115,興奮剤、覚醒剤,1159,その他の興奮剤、覚醒剤
1,神経系及び感覚器官用医薬品,11,中枢神経系用薬,116,抗パーキンソン剤,1161,アマンタジン製剤
1,神経系及び感覚器官用医薬品,11,中枢神経系用薬,116,抗パーキンソン剤,1162,ビペリデン製剤
1,神経系及び感覚器官用医薬品,11,中枢神経系用薬,116,抗パーキンソン剤,1163,プロフェナミン製剤
1,神経系及び感覚器官用医薬品,11,中枢神経系用薬,116,抗パーキンソン剤,1164,レボドパ製剤
1,神経系及び感覚器官用医薬品,11,中枢神経系用薬,116,抗パーキンソン剤,1169,その他の抗パーキンソン剤
1,神経系及び感覚器官用医薬品,11,中枢神経系用薬,117,精神神経用剤,1171,クロルプロマジン製剤
1,神経系及び感覚器官用医薬品,11,中枢神経系用薬,117,精神神経用剤,1172,フェノチアジン系製剤
1,神経系及び感覚器官用医薬品,11,中枢神経系用薬,117,精神神経用剤,1173,モノアミン酸化酵素阻害剤
1,神経系及び感覚器官用医薬品,11,中枢神経系用薬,117,精神神経用剤,1174,イミプラミン系製剤
1,神経系及び感覚器官用医薬品,11,中枢神経系用薬,117,精神神経用剤,1179,その他の精神神経用剤
1,神経系及び感覚器官用医薬品,11,中枢神経系用薬,118,総合感冒剤,1180,総合感冒剤
1,神経系及び感覚器官用医薬品,11,中枢神経系用薬,119,その他の中枢神経系用薬,1190,その他の中枢神経系用薬
1,神経系及び感覚器官用医薬品,12,末梢神経系用薬,121,局所麻酔剤,1211,アミノ安息香酸アルカミンエステル製剤
1,神経系及び感覚器官用医薬品,12,末梢神経系用薬,121,局所麻酔剤,1212,アミノ安息香酸アルキルエステル製剤
1,神経系及び感覚器官用医薬品,12,末梢神経系用薬,121,局所麻酔剤,1213,ジブカイン系製剤
1,神経系及び感覚器官用医薬品,12,末梢神経系用薬,121,局所麻酔剤,1214,キシリジン系製剤
1,神経系及び感覚器官用医薬品,12,末梢神経系用薬,121,局所麻酔剤,1215,アルカロイド製剤
1,神経系及び感覚器官用医薬品,12,末梢神経系用薬,121,局所麻酔剤,1219,その他の局所麻酔剤
1,神経系及び感覚器官用医薬品,12,末梢神経系用薬,122,骨格筋弛緩剤,1221,メフェネシン系製剤
1,神経系及び感覚器官用医薬品,12,末梢神経系用薬,122,骨格筋弛緩剤,1222,クロルゾキサゾン製剤
1,神経系及び感覚器官用医薬品,12,末梢神経系用薬,122,骨格筋弛緩剤,1223,合成クラーレ製剤
1,神経系及び感覚器官用医薬品,12,末梢神経系用薬,122,骨格筋弛緩剤,1224,コリン系製剤
1,神経系及び感覚器官用医薬品,12,末梢神経系用薬,122,骨格筋弛緩剤,1225,カルバメート系製剤
1,神経系及び感覚器官用医薬品,12,末梢神経系用薬,122,骨格筋弛緩剤,1226,アルカロイド製剤
1,神経系及び感覚器官用医薬品,12,末梢神経系用薬,122,骨格筋弛緩剤,1229,その他の骨格筋弛緩剤
1,神経系及び感覚器官用医薬品,12,末梢神経系用薬,123,自律神経剤,1231,四級アンモニウム塩製剤
1,神経系及び感覚器官用医薬品,12,末梢神経系用薬,123,自律神経剤,1232,アセチルコリン系製剤
1,神経系及び感覚器官用医薬品,12,末梢神経系用薬,123,自律神経剤,1233,ネオスチグミン系製剤
1,神経系及び感覚器官用医薬品,12,末梢神経系用薬,123,自律神経剤,1234,ベンジルイミダゾリン系製剤
1,神経系及び感覚器官用医薬品,12,末梢神経系用薬,123,自律神経剤,1235,アルカロイド製剤
1,神経系及び感覚器官用医薬品,12,末梢神経系用薬,123,自律神経剤,1239,その他の自律神経剤
1,神経系及び感覚器官用医薬品,12,末梢神経系用薬,124,鎮痙剤,1241,ジフェニルグリコレート系製剤
1,神経系及び感覚器官用医薬品,12,末梢神経系用薬,124,鎮痙剤,1242,アトロピン系製剤
1,神経系及び感覚器官用医薬品,12,末梢神経系用薬,124,鎮痙剤,1243,パパベリン系製剤
1,神経系及び感覚器官用医薬品,12,末梢神経系用薬,124,鎮痙剤,1244,マグネシウム塩製剤
1,神経系及び感覚器官用医薬品,12,末梢神経系用薬,124,鎮痙剤,1245,アルカロイド製剤
1,神経系及び感覚器官用医薬品,12,末梢神経系用薬,124,鎮痙剤,1249,その他の鎮痙剤
1,神経系及び感覚器官用医薬品,12,末梢神経系用薬,125,発汗剤、止汗剤,1251,カンフル酸製剤
1,神経系及び感覚器官用医薬品,12,末梢神経系用薬,125,発汗剤、止汗剤,1252,ピロカルピン製剤
1,神経系及び感覚器官用医薬品,12,末梢神経系用薬,125,発汗剤、止汗剤,1259,その他の発汗剤、止汗剤
1,神経系及び感覚器官用医薬品,12,末梢神経系用薬,129,その他の末梢神経系用薬,1290,その他の末梢神経系用薬
1,神経系及び感覚器官用医薬品,13,感覚器官用薬,131,眼科用剤,1311,散瞳剤
1,神経系及び感覚器官用医薬品,13,感覚器官用薬,131,眼科用剤,1312,縮瞳剤
1,神経系及び感覚器官用医薬品,13,感覚器官用薬,131,眼科用剤,1313,眼科用局所麻酔剤
1,神経系及び感覚器官用医薬品,13,感覚器官用薬,131,眼科用剤,1314,眼科用防腐収斂剤
1,神経系及び感覚器官用医薬品,13,感覚器官用薬,131,眼科用剤,1315,眼科用コルチゾン製剤
1,神経系及び感覚器官用医薬品,13,感覚器官用薬,131,眼科用剤,1316,眼科用局所血管収縮剤
1,神経系及び感覚器官用医薬品,13,感覚器官用薬,131,眼科用剤,1317,眼科用抗生物質製剤
1,神経系及び感覚器官用医薬品,13,感覚器官用薬,131,眼科用剤,1318,アルカロイド製剤
1,神経系及び感覚器官用医薬品,13,感覚器官用薬,131,眼科用剤,1319,その他の眼科用剤
1,神経系及び感覚器官用医薬品,13,感覚器官用薬,132,耳鼻科用剤,1321,耳鼻科用無機塩製剤
1,神経系及び感覚器官用医薬品,13,感覚器官用薬,132,耳鼻科用剤,1322,銀コロイド製剤
1,神経系及び感覚器官用医薬品,13,感覚器官用薬,132,耳鼻科用剤,1323,耳鼻科用抗ヒスタミン製剤
1,神経系及び感覚器官用医薬品,13,感覚器官用薬,132,耳鼻科用剤,1324,耳鼻科用血管収縮剤
1,神経系及び感覚器官用医薬品,13,感覚器官用薬,132,耳鼻科用剤,1325,耳鼻科用抗生物質製剤
1,神経系及び感覚器官用医薬品,13,感覚器官用薬,132,耳鼻科用剤,1326,アルカロイド製剤
1,神経系及び感覚器官用医薬品,13,感覚器官用薬,132,耳鼻科用剤,1329,その他の耳鼻科用剤
1,神経系及び感覚器官用医薬品,13,感覚器官用薬,133,鎮暈剤,1331,ジメンヒドリナート製剤
1,神経系及び感覚器官用医薬品,13,感覚器官用薬,133,鎮暈剤,1332,メクリジン製剤
1,神経系及び感覚器官用医薬品,13,感覚器官用薬,133,鎮暈剤,1333,アルカロイド製剤
1,神経系及び感覚器官用医薬品,13,感覚器官用薬,133,鎮暈剤,1339,その他の鎮暈剤
1,神経系及び感覚器官用医薬品,13,感覚器官用薬,139,その他の感覚器官用薬,1390,その他の感覚器官用薬
1,神経系及び感覚器官用医薬品,19,その他の神経系及び感覚器官用医薬品,190,その他の神経系及び感覚器官用医薬品,1900,その他の神経系及び感覚器官用医薬品
2,個々の器官系用医薬品,21,循環器官用薬,211,強心剤,2111,ニケタミド系製剤
2,個々の器官系用医薬品,21,循環器官用薬,211,強心剤,2112,カンフル系製剤
2,個々の器官系用医薬品,21,循環器官用薬,211,強心剤,2113,ジギタリス製剤
2,個々の器官系用医薬品,21,循環器官用薬,211,強心剤,2114,ストロファンツス製剤
2,個々の器官系用医薬品,21,循環器官用薬,211,強心剤,2115,カフェイン系製剤
2,個々の器官系用医薬品,21,循環器官用薬,211,強心剤,2116,配糖体製剤
2,個々の器官系用医薬品,21,循環器官用薬,211,強心剤,2117,ゴオウ製剤
2,個々の器官系用医薬品,21,循環器官用薬,211,強心剤,2118,アルカロイド製剤
2,個々の器官系用医薬品,21,循環器官用薬,211,強心剤,2119,その他の強心剤
2,個々の器官系用医薬品,21,循環器官用薬,212,不整脈用剤,2121,プロカインアミド系製剤
2,個々の器官系用医薬品,21,循環器官用薬,212,不整脈用剤,2122,キニジン製剤
2,個々の器官系用医薬品,21,循環器官用薬,212,不整脈用剤,2123,β−遮断剤
2,個々の器官系用医薬品,21,循環器官用薬,212,不整脈用剤,2129,その他の不整脈用剤
2,個々の器官系用医薬品,21,循環器官用薬,213,利尿剤,2131,キサンチン系製剤
2,個々の器官系用医薬品,21,循環器官用薬,213,利尿剤,2132,チアジド系製剤
2,個々の器官系用医薬品,21,循環器官用薬,213,利尿剤,2133,抗アルドステロン製剤
2,個々の器官系用医薬品,21,循環器官用薬,213,利尿剤,2134,炭酸脱水酵素阻害剤
2,個々の器官系用医薬品,21,循環器官用薬,213,利尿剤,2135,クロルベンゼンスルホンアミド系製剤
2,個々の器官系用医薬品,21,循環器官用薬,213,利尿剤,2136,アルカロイド製剤
2,個々の器官系用医薬品,21,循環器官用薬,213,利尿剤,2139,その他の利尿剤
2,個々の器官系用医薬品,21,循環器官用薬,214,血圧降下剤,2141,神経節遮断剤
2,個々の器官系用医薬品,21,循環器官用薬,214,血圧降下剤,2142,ヒドララジン製剤
2,個々の器官系用医薬品,21,循環器官用薬,214,血圧降下剤,2143,ラウオルフィア製剤
2,個々の器官系用医薬品,21,循環器官用薬,214,血圧降下剤,2144,アンジオテンシン変換酵素阻害剤
2,個々の器官系用医薬品,21,循環器官用薬,214,血圧降下剤,2145,メチルドパ製剤
2,個々の器官系用医薬品,21,循環器官用薬,214,血圧降下剤,2146,アルカロイド製剤
2,個々の器官系用医薬品,21,循環器官用薬,214,血圧降下剤,2149,その他の血圧降下剤
2,個々の器官系用医薬品,21,循環器官用薬,215,血管補強剤,2150,血管補強剤
2,個々の器官系用医薬品,21,循環器官用薬,216,血管収縮剤,2160,血管収縮剤
2,個々の器官系用医薬品,21,循環器官用薬,217,血管拡張剤,2171,冠血管拡張剤
2,個々の器官系用医薬品,21,循環器官用薬,217,血管拡張剤,2172,末梢血管拡張剤
2,個々の器官系用医薬品,21,循環器官用薬,217,血管拡張剤,2179,その他の血管拡張剤
2,個々の器官系用医薬品,21,循環器官用薬,218,高脂血症用剤,2181,リノール酸製剤
2,個々の器官系用医薬品,21,循環器官用薬,218,高脂血症用剤,2182,レシチン製剤
2,個々の器官系用医薬品,21,循環器官用薬,218,高脂血症用剤,2183,クロフィブラート系製剤
2,個々の器官系用医薬品,21,循環器官用薬,218,高脂血症用剤,2189,その他の高脂血症用剤
2,個々の器官系用医薬品,21,循環器官用薬,219,その他の循環器官用薬,2190,その他の循環器官用薬
2,個々の器官系用医薬品,22,呼吸器官用薬,221,呼吸促進剤,2211,ロベリン系製剤
2,個々の器官系用医薬品,22,呼吸器官用薬,221,呼吸促進剤,2212,吸入用ガス製剤
2,個々の器官系用医薬品,22,呼吸器官用薬,221,呼吸促進剤,2213,ジモルホラミン系製剤
2,個々の器官系用医薬品,22,呼吸器官用薬,221,呼吸促進剤,2219,その他の呼吸促進剤
2,個々の器官系用医薬品,22,呼吸器官用薬,222,鎮咳剤,2221,エフェドリン及びマオウ製剤
2,個々の器官系用医薬品,22,呼吸器官用薬,222,鎮咳剤,2222,ノスカピン製剤
2,個々の器官系用医薬品,22,呼吸器官用薬,222,鎮咳剤,2223,デキストロメトルファン製剤
2,個々の器官系用医薬品,22,呼吸器官用薬,222,鎮咳剤,2224,カルベタペンタン製剤
2,個々の器官系用医薬品,22,呼吸器官用薬,222,鎮咳剤,2225,オキセラジン製剤
2,個々の器官系用医薬品,22,呼吸器官用薬,222,鎮咳剤,2229,その他の鎮咳剤
2,個々の器官系用医薬品,22,呼吸器官用薬,223,去痰剤,2231,植物性製剤
2,個々の器官系用医薬品,22,呼吸器官用薬,223,去痰剤,2232,アンモニウム塩製剤
2,個々の器官系用医薬品,22,呼吸器官用薬,223,去痰剤,2233,システイン系製剤
2,個々の器官系用医薬品,22,呼吸器官用薬,223,去痰剤,2234,ブロムヘキシン製剤
2,個々の器官系用医薬品,22,呼吸器官用薬,223,去痰剤,2239,その他の去痰剤
2,個々の器官系用医薬品,22,呼吸器官用薬,224,鎮咳去痰剤,2241,植物性製剤
2,個々の器官系用医薬品,22,呼吸器官用薬,224,鎮咳去痰剤,2242,コデイン系製剤（家庭麻薬）
2,個々の器官系用医薬品,22,呼吸器官用薬,224,鎮咳去痰剤,2249,その他の鎮咳去痰剤
2,個々の器官系用医薬品,22,呼吸器官用薬,225,気管支拡張剤,2251,キサンチン系製剤
2,個々の器官系用医薬品,22,呼吸器官用薬,225,気管支拡張剤,2252,イソプレナリン系製剤
2,個々の器官系用医薬品,22,呼吸器官用薬,225,気管支拡張剤,2253,クロルプレナリン製剤
2,個々の器官系用医薬品,22,呼吸器官用薬,225,気管支拡張剤,2254,サルブタモール製剤
2,個々の器官系用医薬品,22,呼吸器官用薬,225,気管支拡張剤,2259,その他の気管支拡張剤
2,個々の器官系用医薬品,22,呼吸器官用薬,226,含嗽剤,2260,含嗽剤
2,個々の器官系用医薬品,22,呼吸器官用薬,229,その他の呼吸器官用薬,2290,その他の呼吸器官用薬
2,個々の器官系用医薬品,23,消化器官用薬,231,止瀉剤、整腸剤,2311,グアヤコール系製剤
2,個々の器官系用医薬品,23,消化器官用薬,231,止瀉剤、整腸剤,2312,タンニン酸系製剤
2,個々の器官系用医薬品,23,消化器官用薬,231,止瀉剤、整腸剤,2313,アクリジン系製剤
2,個々の器官系用医薬品,23,消化器官用薬,231,止瀉剤、整腸剤,2314,ベルベリン系製剤
2,個々の器官系用医薬品,23,消化器官用薬,231,止瀉剤、整腸剤,2315,ビスマス塩製剤
2,個々の器官系用医薬品,23,消化器官用薬,231,止瀉剤、整腸剤,2316,活性生菌製剤
2,個々の器官系用医薬品,23,消化器官用薬,231,止瀉剤、整腸剤,2317,アセンヤク製剤
2,個々の器官系用医薬品,23,消化器官用薬,231,止瀉剤、整腸剤,2318,ジメチコン製剤
2,個々の器官系用医薬品,23,消化器官用薬,231,止瀉剤、整腸剤,2319,その他の止瀉剤、整腸剤
2,個々の器官系用医薬品,23,消化器官用薬,232,消化性潰瘍用剤,2321,メチルメチオニン製剤
2,個々の器官系用医薬品,23,消化器官用薬,232,消化性潰瘍用剤,2322,グルタミン製剤
2,個々の器官系用医薬品,23,消化器官用薬,232,消化性潰瘍用剤,2323,アズレン製剤
2,個々の器官系用医薬品,23,消化器官用薬,232,消化性潰瘍用剤,2324,生薬エキス製剤
2,個々の器官系用医薬品,23,消化器官用薬,232,消化性潰瘍用剤,2325,Ｈ２遮断剤
2,個々の器官系用医薬品,23,消化器官用薬,232,消化性潰瘍用剤,2329,その他の消化性潰瘍用剤
2,個々の器官系用医薬品,23,消化器官用薬,233,健胃消化剤,2331,消化酵素製剤
2,個々の器官系用医薬品,23,消化器官用薬,233,健胃消化剤,2332,酵母製剤
2,個々の器官系用医薬品,23,消化器官用薬,233,健胃消化剤,2333,苦味製剤
2,個々の器官系用医薬品,23,消化器官用薬,233,健胃消化剤,2334,芳香製剤
2,個々の器官系用医薬品,23,消化器官用薬,233,健胃消化剤,2335,酸類製剤
2,個々の器官系用医薬品,23,消化器官用薬,233,健胃消化剤,2336,塩化カルニチン製剤
2,個々の器官系用医薬品,23,消化器官用薬,233,健胃消化剤,2337,アルカロイド製剤
2,個々の器官系用医薬品,23,消化器官用薬,233,健胃消化剤,2339,その他の健胃消化剤
2,個々の器官系用医薬品,23,消化器官用薬,234,制酸剤,2341,アミノ酢酸系製剤
2,個々の器官系用医薬品,23,消化器官用薬,234,制酸剤,2342,ヒスチジン製剤
2,個々の器官系用医薬品,23,消化器官用薬,234,制酸剤,2343,アルミニウム化合物製剤
2,個々の器官系用医薬品,23,消化器官用薬,234,制酸剤,2344,無機塩製剤
2,個々の器官系用医薬品,23,消化器官用薬,234,制酸剤,2349,その他の制酸剤
2,個々の器官系用医薬品,23,消化器官用薬,235,下剤、浣腸剤,2351,ジオクチルソジウムスルホナート製剤
2,個々の器官系用医薬品,23,消化器官用薬,235,下剤、浣腸剤,2352,フェノールフタレイン系製剤
2,個々の器官系用医薬品,23,消化器官用薬,235,下剤、浣腸剤,2353,アントラキノン及び生薬製剤
2,個々の器官系用医薬品,23,消化器官用薬,235,下剤、浣腸剤,2354,植物性製剤
2,個々の器官系用医薬品,23,消化器官用薬,235,下剤、浣腸剤,2355,無機塩製剤
2,個々の器官系用医薬品,23,消化器官用薬,235,下剤、浣腸剤,2356,油脂製剤
2,個々の器官系用医薬品,23,消化器官用薬,235,下剤、浣腸剤,2357,グリセリン製剤
2,個々の器官系用医薬品,23,消化器官用薬,235,下剤、浣腸剤,2359,その他の下剤、浣腸剤
2,個々の器官系用医薬品,23,消化器官用薬,236,利胆剤,2361,ウコン製剤
2,個々の器官系用医薬品,23,消化器官用薬,236,利胆剤,2362,胆汁酸製剤
2,個々の器官系用医薬品,23,消化器官用薬,236,利胆剤,2363,生薬製剤
2,個々の器官系用医薬品,23,消化器官用薬,236,利胆剤,2364,オサルミド製剤
2,個々の器官系用医薬品,23,消化器官用薬,236,利胆剤,2369,その他の利胆剤
2,個々の器官系用医薬品,23,消化器官用薬,237,複合胃腸剤,2370,複合胃腸剤
2,個々の器官系用医薬品,23,消化器官用薬,239,その他の消化器官用薬,2391,鎮吐剤
2,個々の器官系用医薬品,23,消化器官用薬,239,その他の消化器官用薬,2392,催吐剤
2,個々の器官系用医薬品,23,消化器官用薬,239,その他の消化器官用薬,2399,他に分類されない消化器官用薬
2,個々の器官系用医薬品,24,ホルモン剤（抗ホルモン剤を含む）,241,脳下垂体ホルモン剤,2411,ＡＣＴＨ製剤
2,個々の器官系用医薬品,24,ホルモン剤（抗ホルモン剤を含む）,241,脳下垂体ホルモン剤,2412,脳下垂体前葉ホルモン製剤
2,個々の器官系用医薬品,24,ホルモン剤（抗ホルモン剤を含む）,241,脳下垂体ホルモン剤,2413,性腺刺激ホルモン製剤
2,個々の器官系用医薬品,24,ホルモン剤（抗ホルモン剤を含む）,241,脳下垂体ホルモン剤,2414,脳下垂体後葉ホルモン製剤
2,個々の器官系用医薬品,24,ホルモン剤（抗ホルモン剤を含む）,241,脳下垂体ホルモン剤,2419,その他の脳下垂体ホルモン剤
2,個々の器官系用医薬品,24,ホルモン剤（抗ホルモン剤を含む）,242,唾液腺ホルモン剤,2420,唾液腺ホルモン剤
2,個々の器官系用医薬品,24,ホルモン剤（抗ホルモン剤を含む）,243,甲状腺、副甲状腺ホルモン剤,2431,甲状腺ホルモン製剤
2,個々の器官系用医薬品,24,ホルモン剤（抗ホルモン剤を含む）,243,甲状腺、副甲状腺ホルモン剤,2432,抗甲状腺ホルモン製剤
2,個々の器官系用医薬品,24,ホルモン剤（抗ホルモン剤を含む）,243,甲状腺、副甲状腺ホルモン剤,2439,その他の甲状腺、副甲状腺ホルモン剤
2,個々の器官系用医薬品,24,ホルモン剤（抗ホルモン剤を含む）,244,たん白同化ステロイド剤,2441,クロルテストステロン系製剤
2,個々の器官系用医薬品,24,ホルモン剤（抗ホルモン剤を含む）,244,たん白同化ステロイド剤,2442,オキシメトロン製剤
2,個々の器官系用医薬品,24,ホルモン剤（抗ホルモン剤を含む）,244,たん白同化ステロイド剤,2443,ノルテストステロン系製剤
2,個々の器官系用医薬品,24,ホルモン剤（抗ホルモン剤を含む）,244,たん白同化ステロイド剤,2449,その他のたん白同化ステロイド剤
2,個々の器官系用医薬品,24,ホルモン剤（抗ホルモン剤を含む）,245,副腎ホルモン剤,2451,エピネフリン製剤
2,個々の器官系用医薬品,24,ホルモン剤（抗ホルモン剤を含む）,245,副腎ホルモン剤,2452,コルチゾン系製剤
2,個々の器官系用医薬品,24,ホルモン剤（抗ホルモン剤を含む）,245,副腎ホルモン剤,2453,ＤＯＣ系製剤
2,個々の器官系用医薬品,24,ホルモン剤（抗ホルモン剤を含む）,245,副腎ホルモン剤,2454,フッ素付加副腎皮質ホルモン製剤
2,個々の器官系用医薬品,24,ホルモン剤（抗ホルモン剤を含む）,245,副腎ホルモン剤,2455,副腎皮質製剤
2,個々の器官系用医薬品,24,ホルモン剤（抗ホルモン剤を含む）,245,副腎ホルモン剤,2456,プレドニゾロン系製剤
2,個々の器官系用医薬品,24,ホルモン剤（抗ホルモン剤を含む）,245,副腎ホルモン剤,2459,その他の副腎ホルモン剤
2,個々の器官系用医薬品,24,ホルモン剤（抗ホルモン剤を含む）,246,男性ホルモン剤,2461,テストステロン製剤
2,個々の器官系用医薬品,24,ホルモン剤（抗ホルモン剤を含む）,246,男性ホルモン剤,2462,メチルテストステロン製剤
2,個々の器官系用医薬品,24,ホルモン剤（抗ホルモン剤を含む）,246,男性ホルモン剤,2463,睾丸製剤
2,個々の器官系用医薬品,24,ホルモン剤（抗ホルモン剤を含む）,246,男性ホルモン剤,2469,その他の男性ホルモン剤
2,個々の器官系用医薬品,24,ホルモン剤（抗ホルモン剤を含む）,247,卵胞ホルモン及び黄体ホルモン剤,2471,スチルベン系製剤
2,個々の器官系用医薬品,24,ホルモン剤（抗ホルモン剤を含む）,247,卵胞ホルモン及び黄体ホルモン剤,2472,エストロン系製剤
2,個々の器官系用医薬品,24,ホルモン剤（抗ホルモン剤を含む）,247,卵胞ホルモン及び黄体ホルモン剤,2473,エストラジオール系製剤
2,個々の器官系用医薬品,24,ホルモン剤（抗ホルモン剤を含む）,247,卵胞ホルモン及び黄体ホルモン剤,2474,エチニルエストラジオール系製剤
2,個々の器官系用医薬品,24,ホルモン剤（抗ホルモン剤を含む）,247,卵胞ホルモン及び黄体ホルモン剤,2475,エストリオール系製剤
2,個々の器官系用医薬品,24,ホルモン剤（抗ホルモン剤を含む）,247,卵胞ホルモン及び黄体ホルモン剤,2476,ヘキセストロール系製剤
2,個々の器官系用医薬品,24,ホルモン剤（抗ホルモン剤を含む）,247,卵胞ホルモン及び黄体ホルモン剤,2477,プロゲステロン製剤
2,個々の器官系用医薬品,24,ホルモン剤（抗ホルモン剤を含む）,247,卵胞ホルモン及び黄体ホルモン剤,2478,合成黄体ホルモン製剤
2,個々の器官系用医薬品,24,ホルモン剤（抗ホルモン剤を含む）,247,卵胞ホルモン及び黄体ホルモン剤,2479,その他の卵胞ホルモン及び黄体ホルモン剤
2,個々の器官系用医薬品,24,ホルモン剤（抗ホルモン剤を含む）,248,混合ホルモン剤,2481,男性ホルモン、卵胞ホルモン混合製剤
2,個々の器官系用医薬品,24,ホルモン剤（抗ホルモン剤を含む）,248,混合ホルモン剤,2482,卵胞ホルモン、黄体ホルモン混合製剤
2,個々の器官系用医薬品,24,ホルモン剤（抗ホルモン剤を含む）,248,混合ホルモン剤,2489,その他の混合ホルモン剤
2,個々の器官系用医薬品,24,ホルモン剤（抗ホルモン剤を含む）,249,その他のホルモン剤（抗ホルモン剤を含む）,2491,循環ホルモン剤
2,個々の器官系用医薬品,24,ホルモン剤（抗ホルモン剤を含む）,249,その他のホルモン剤（抗ホルモン剤を含む）,2492,すい臓ホルモン剤
2,個々の器官系用医薬品,24,ホルモン剤（抗ホルモン剤を含む）,249,その他のホルモン剤（抗ホルモン剤を含む）,2499,他に分類されないホルモン剤（抗ホルモン剤を含む）
2,個々の器官系用医薬品,25,泌尿生殖器官及び肛門用薬,251,泌尿器官用剤,2511,ヘキサミン系製剤
2,個々の器官系用医薬品,25,泌尿生殖器官及び肛門用薬,251,泌尿器官用剤,2519,その他の泌尿器官用剤
2,個々の器官系用医薬品,25,泌尿生殖器官及び肛門用薬,252,生殖器官用剤（性病予防剤を含む）,2521,生殖器官用抗生物質製剤
2,個々の器官系用医薬品,25,泌尿生殖器官及び肛門用薬,252,生殖器官用剤（性病予防剤を含む）,2529,その他の生殖器官用剤（性病予防剤を含む）
2,個々の器官系用医薬品,25,泌尿生殖器官及び肛門用薬,253,子宮収縮剤,2531,バッカク類製剤
2,個々の器官系用医薬品,25,泌尿生殖器官及び肛門用薬,253,子宮収縮剤,2532,スパルテイン製剤
2,個々の器官系用医薬品,25,泌尿生殖器官及び肛門用薬,253,子宮収縮剤,2533,コタルニン製剤
2,個々の器官系用医薬品,25,泌尿生殖器官及び肛門用薬,253,子宮収縮剤,2534,アルカロイド製剤
2,個々の器官系用医薬品,25,泌尿生殖器官及び肛門用薬,253,子宮収縮剤,2539,その他の子宮収縮剤
2,個々の器官系用医薬品,25,泌尿生殖器官及び肛門用薬,254,避妊剤,2541,オキシキノリン製剤
2,個々の器官系用医薬品,25,泌尿生殖器官及び肛門用薬,254,避妊剤,2549,その他の避妊剤
2,個々の器官系用医薬品,25,泌尿生殖器官及び肛門用薬,255,痔疾用剤,2551,シコン製剤
2,個々の器官系用医薬品,25,泌尿生殖器官及び肛門用薬,255,痔疾用剤,2552,イクタモール製剤
2,個々の器官系用医薬品,25,泌尿生殖器官及び肛門用薬,255,痔疾用剤,2553,ロートタンニン酸製剤
2,個々の器官系用医薬品,25,泌尿生殖器官及び肛門用薬,255,痔疾用剤,2554,アルカロイド製剤
2,個々の器官系用医薬品,25,泌尿生殖器官及び肛門用薬,255,痔疾用剤,2559,その他の痔疾用剤
2,個々の器官系用医薬品,25,泌尿生殖器官及び肛門用薬,259,その他の泌尿生殖器官及び肛門用薬,2590,その他の泌尿生殖器官及び肛門用薬
2,個々の器官系用医薬品,26,外皮用薬,261,外皮用殺菌消毒剤,2611,塩素酸塩製剤
2,個々の器官系用医薬品,26,外皮用薬,261,外皮用殺菌消毒剤,2612,ヨウ素化合物
2,個々の器官系用医薬品,26,外皮用薬,261,外皮用殺菌消毒剤,2613,ホウ酸類製剤
2,個々の器官系用医薬品,26,外皮用薬,261,外皮用殺菌消毒剤,2614,過酸化物製剤
2,個々の器官系用医薬品,26,外皮用薬,261,外皮用殺菌消毒剤,2615,アルコール製剤
2,個々の器官系用医薬品,26,外皮用薬,261,外皮用殺菌消毒剤,2616,石鹸類製剤
2,個々の器官系用医薬品,26,外皮用薬,261,外皮用殺菌消毒剤,2619,その他の外皮用殺菌消毒剤
2,個々の器官系用医薬品,26,外皮用薬,262,創傷保護剤,2621,酸化亜鉛製剤
2,個々の器官系用医薬品,26,外皮用薬,262,創傷保護剤,2622,豚皮類製剤
2,個々の器官系用医薬品,26,外皮用薬,262,創傷保護剤,2629,その他の創傷保護剤
2,個々の器官系用医薬品,26,外皮用薬,263,化膿性疾患用剤,2631,ニトロフラン系製剤
2,個々の器官系用医薬品,26,外皮用薬,263,化膿性疾患用剤,2632,外用クロロフィル系製剤
2,個々の器官系用医薬品,26,外皮用薬,263,化膿性疾患用剤,2633,外用サルファ製剤
2,個々の器官系用医薬品,26,外皮用薬,263,化膿性疾患用剤,2634,外用抗生物質製剤
2,個々の器官系用医薬品,26,外皮用薬,263,化膿性疾患用剤,2639,その他の化膿性疾患用剤
2,個々の器官系用医薬品,26,外皮用薬,264,鎮痛、鎮痒、収斂、消炎剤,2641,サリチル酸メチル製剤
2,個々の器官系用医薬品,26,外皮用薬,264,鎮痛、鎮痒、収斂、消炎剤,2642,外用抗ヒスタミン製剤
2,個々の器官系用医薬品,26,外皮用薬,264,鎮痛、鎮痒、収斂、消炎剤,2643,アンモニア製剤
2,個々の器官系用医薬品,26,外皮用薬,264,鎮痛、鎮痒、収斂、消炎剤,2644,鉛化合物製剤
2,個々の器官系用医薬品,26,外皮用薬,264,鎮痛、鎮痒、収斂、消炎剤,2645,ハッカゴム及びカンフルハッカ製剤
2,個々の器官系用医薬品,26,外皮用薬,264,鎮痛、鎮痒、収斂、消炎剤,2646,副腎皮質ホルモン製剤
2,個々の器官系用医薬品,26,外皮用薬,264,鎮痛、鎮痒、収斂、消炎剤,2647,抗生物質及び副腎皮質ホルモン混合製剤
2,個々の器官系用医薬品,26,外皮用薬,264,鎮痛、鎮痒、収斂、消炎剤,2649,その他の鎮痛、鎮痒、収斂、消炎剤
2,個々の器官系用医薬品,26,外皮用薬,265,寄生性皮膚疾患用剤,2651,脂肪酸系製剤
2,個々の器官系用医薬品,26,外皮用薬,265,寄生性皮膚疾患用剤,2652,外用サリチル酸系製剤
2,個々の器官系用医薬品,26,外皮用薬,265,寄生性皮膚疾患用剤,2653,含硫有機化合物製剤
2,個々の器官系用医薬品,26,外皮用薬,265,寄生性皮膚疾患用剤,2654,タール製剤
2,個々の器官系用医薬品,26,外皮用薬,265,寄生性皮膚疾患用剤,2655,イミダゾール系製剤
2,個々の器官系用医薬品,26,外皮用薬,265,寄生性皮膚疾患用剤,2656,寄生性皮膚疾患用抗生物質製剤
2,個々の器官系用医薬品,26,外皮用薬,265,寄生性皮膚疾患用剤,2659,その他の寄生性皮膚疾患用剤
2,個々の器官系用医薬品,26,外皮用薬,266,皮膚軟化剤（腐食剤を含む）,2661,有機酸製剤
2,個々の器官系用医薬品,26,外皮用薬,266,皮膚軟化剤（腐食剤を含む）,2662,アルカリ製剤
2,個々の器官系用医薬品,26,外皮用薬,266,皮膚軟化剤（腐食剤を含む）,2663,金属製剤
2,個々の器官系用医薬品,26,外皮用薬,266,皮膚軟化剤（腐食剤を含む）,2669,その他の皮膚軟化剤（腐食剤を含む）
2,個々の器官系用医薬品,26,外皮用薬,267,毛髪用剤（発毛剤、脱毛剤、染毛剤、養毛剤）,2671,パラフェニレンジアミン系製剤
2,個々の器官系用医薬品,26,外皮用薬,267,毛髪用剤（発毛剤、脱毛剤、染毛剤、養毛剤）,2672,イオウ化合物製剤
2,個々の器官系用医薬品,26,外皮用薬,267,毛髪用剤（発毛剤、脱毛剤、染毛剤、養毛剤）,2679,その他の毛髪用剤（発毛剤、脱毛剤、染毛剤、養毛剤）
2,個々の器官系用医薬品,26,外皮用薬,268,浴剤,2681,イオウ製剤
2,個々の器官系用医薬品,26,外皮用薬,268,浴剤,2682,アルカリ製剤
2,個々の器官系用医薬品,26,外皮用薬,268,浴剤,2683,生薬製剤
2,個々の器官系用医薬品,26,外皮用薬,268,浴剤,2689,その他の浴剤
2,個々の器官系用医薬品,26,外皮用薬,269,その他の外皮用薬,2691,外用ビタミン製剤
2,個々の器官系用医薬品,26,外皮用薬,269,その他の外皮用薬,2692,外用ホルモン製剤
2,個々の器官系用医薬品,26,外皮用薬,269,その他の外皮用薬,2699,他に分類されない外皮用薬
2,個々の器官系用医薬品,27,歯科口腔用薬,271,歯科用局所麻酔剤,2710,歯科用局所麻酔剤
2,個々の器官系用医薬品,27,歯科口腔用薬,272,歯髄失活剤,2720,歯髄失活剤
2,個々の器官系用医薬品,27,歯科口腔用薬,273,歯科用鎮痛鎮静剤（根官及び齲窩消毒剤を含む）,2730,歯科用鎮痛鎮静剤（根官及び齲窩消毒剤を含む）
2,個々の器官系用医薬品,27,歯科口腔用薬,274,歯髄乾屍剤（根官充填剤を含む）,2740,歯髄乾屍剤（根官充填剤を含む）
2,個々の器官系用医薬品,27,歯科口腔用薬,275,歯髄覆罩剤,2750,歯髄覆罩剤
2,個々の器官系用医薬品,27,歯科口腔用薬,276,歯科用抗生物質製剤,2760,歯科用抗生物質製剤
2,個々の器官系用医薬品,27,歯科口腔用薬,279,その他の歯科口腔用薬,2790,その他の歯科口腔用薬
2,個々の器官系用医薬品,29,その他の個々の器官系用医薬品,290,その他の個々の器官系用医薬品,2900,その他の個々の器官系用医薬品
3,代謝性医薬品,31,ビタミン剤,311,ビタミンＡ及びＤ剤,3111,合成ビタミンＡ製剤
3,代謝性医薬品,31,ビタミン剤,311,ビタミンＡ及びＤ剤,3112,合成ビタミンＤ製剤
3,代謝性医薬品,31,ビタミン剤,311,ビタミンＡ及びＤ剤,3113,肝油製剤（ビタミンＡ油製剤を含む）
3,代謝性医薬品,31,ビタミン剤,311,ビタミンＡ及びＤ剤,3119,その他のビタミンＡ及びＤ剤
3,代謝性医薬品,31,ビタミン剤,312,ビタミンＢ１剤,3121,ビタミンＢ１剤
3,代謝性医薬品,31,ビタミン剤,312,ビタミンＢ１剤,3122,ビタミンＢ１誘導体製剤
3,代謝性医薬品,31,ビタミン剤,312,ビタミンＢ１剤,3123,コ・カルボキシラーゼ製剤
3,代謝性医薬品,31,ビタミン剤,312,ビタミンＢ１剤,3129,その他のビタミンＢ１剤
3,代謝性医薬品,31,ビタミン剤,313,ビタミンＢ剤（ビタミンＢ１剤を除く）,3131,ビタミンＢ２剤
3,代謝性医薬品,31,ビタミン剤,313,ビタミンＢ剤（ビタミンＢ１剤を除く）,3132,ニコチン酸系製剤
3,代謝性医薬品,31,ビタミン剤,313,ビタミンＢ剤（ビタミンＢ１剤を除く）,3133,パントテン酸系製剤
3,代謝性医薬品,31,ビタミン剤,313,ビタミンＢ剤（ビタミンＢ１剤を除く）,3134,ビタミンＢ６剤
3,代謝性医薬品,31,ビタミン剤,313,ビタミンＢ剤（ビタミンＢ１剤を除く）,3135,葉酸製剤
3,代謝性医薬品,31,ビタミン剤,313,ビタミンＢ剤（ビタミンＢ１剤を除く）,3136,ビタミンＢ１２剤
3,代謝性医薬品,31,ビタミン剤,313,ビタミンＢ剤（ビタミンＢ１剤を除く）,3137,ビタミンＢ複合体製剤
3,代謝性医薬品,31,ビタミン剤,313,ビタミンＢ剤（ビタミンＢ１剤を除く）,3139,その他のビタミンＢ剤（ビタミンＢ１剤を除く）
3,代謝性医薬品,31,ビタミン剤,314,ビタミンＣ剤,3140,ビタミンＣ剤
3,代謝性医薬品,31,ビタミン剤,315,ビタミンＥ剤,3150,ビタミンＥ剤
3,代謝性医薬品,31,ビタミン剤,316,ビタミンＫ剤,3160,ビタミンＫ剤
3,代謝性医薬品,31,ビタミン剤,317,混合ビタミン剤（ビタミンＡ・Ｄ混合製剤を除く）,3171,ビタミンＡ・Ｄ・Ｂ混合製剤
3,代謝性医薬品,31,ビタミン剤,317,混合ビタミン剤（ビタミンＡ・Ｄ混合製剤を除く）,3172,ビタミンＢ・Ｃ混合製剤
3,代謝性医薬品,31,ビタミン剤,317,混合ビタミン剤（ビタミンＡ・Ｄ混合製剤を除く）,3179,その他の混合ビタミン剤（ビタミンＡ・Ｄ混合製剤を除く）
3,代謝性医薬品,31,ビタミン剤,319,その他のビタミン剤,3190,その他のビタミン剤
3,代謝性医薬品,32,滋養強壮薬,321,カルシウム剤,3211,乳酸カルシウム製剤
3,代謝性医薬品,32,滋養強壮薬,321,カルシウム剤,3212,グリセロリン酸カルシウム製剤
3,代謝性医薬品,32,滋養強壮薬,321,カルシウム剤,3213,グルコン酸カルシウム製剤
3,代謝性医薬品,32,滋養強壮薬,321,カルシウム剤,3214,有機酸カルシウム製剤（乳酸・グリセロリン酸・グルコン酸カルシウム製剤を除く）
3,代謝性医薬品,32,滋養強壮薬,321,カルシウム剤,3215,ハロゲン化カルシウム製剤
3,代謝性医薬品,32,滋養強壮薬,321,カルシウム剤,3216,リン酸カルシウム類製剤
3,代謝性医薬品,32,滋養強壮薬,321,カルシウム剤,3219,その他のカルシウム剤
3,代謝性医薬品,32,滋養強壮薬,322,無機質製剤,3221,ヨウ素化合物製剤
3,代謝性医薬品,32,滋養強壮薬,322,無機質製剤,3222,鉄化合物製剤（有機酸鉄を含む）
3,代謝性医薬品,32,滋養強壮薬,322,無機質製剤,3223,銅及びコバルト化合物製剤
3,代謝性医薬品,32,滋養強壮薬,322,無機質製剤,3229,その他の無機質製剤
3,代謝性医薬品,32,滋養強壮薬,323,糖類剤,3231,ブドウ糖製剤
3,代謝性医薬品,32,滋養強壮薬,323,糖類剤,3232,果糖製剤
3,代謝性医薬品,32,滋養強壮薬,323,糖類剤,3233,マルトース製剤
3,代謝性医薬品,32,滋養強壮薬,323,糖類剤,3234,キシリトール製剤
3,代謝性医薬品,32,滋養強壮薬,323,糖類剤,3239,その他の糖類剤
3,代謝性医薬品,32,滋養強壮薬,324,有機酸製剤,3241,クエン酸製剤
3,代謝性医薬品,32,滋養強壮薬,324,有機酸製剤,3242,コハク酸製剤
3,代謝性医薬品,32,滋養強壮薬,324,有機酸製剤,3243,酒石酸製剤
3,代謝性医薬品,32,滋養強壮薬,324,有機酸製剤,3249,その他の有機酸製剤
3,代謝性医薬品,32,滋養強壮薬,325,たん白アミノ酸製剤,3251,アミノ酸製剤
3,代謝性医薬品,32,滋養強壮薬,325,たん白アミノ酸製剤,3252,含硫アミノ酸製剤
3,代謝性医薬品,32,滋養強壮薬,325,たん白アミノ酸製剤,3253,混合アミノ酸製剤
3,代謝性医薬品,32,滋養強壮薬,325,たん白アミノ酸製剤,3259,その他のたん白アミノ酸製剤
3,代謝性医薬品,32,滋養強壮薬,326,臓器製剤,3261,内服血液製剤
3,代謝性医薬品,32,滋養強壮薬,326,臓器製剤,3262,肝臓製剤
3,代謝性医薬品,32,滋養強壮薬,326,臓器製剤,3269,その他の臓器製剤
3,代謝性医薬品,32,滋養強壮薬,327,乳幼児用剤,3271,重湯末製剤
3,代謝性医薬品,32,滋養強壮薬,327,乳幼児用剤,3272,マルツエキス製剤
3,代謝性医薬品,32,滋養強壮薬,327,乳幼児用剤,3273,滋養糖製剤
3,代謝性医薬品,32,滋養強壮薬,327,乳幼児用剤,3274,カゼインカルク製剤
3,代謝性医薬品,32,滋養強壮薬,327,乳幼児用剤,3275,牛酪乳末製剤
3,代謝性医薬品,32,滋養強壮薬,327,乳幼児用剤,3279,その他の乳幼児用剤
3,代謝性医薬品,32,滋養強壮薬,329,その他の滋養強壮薬,3291,アルコール性内用製剤
3,代謝性医薬品,32,滋養強壮薬,329,その他の滋養強壮薬,3292,ニンジン・ジオウ製剤
3,代謝性医薬品,32,滋養強壮薬,329,その他の滋養強壮薬,3293,ローヤルゼリー製剤
3,代謝性医薬品,32,滋養強壮薬,329,その他の滋養強壮薬,3299,他に分類されない滋養強壮薬
3,代謝性医薬品,33,血液・体液用薬,331,血液代用剤,3311,生理食塩液類
3,代謝性医薬品,33,血液・体液用薬,331,血液代用剤,3312,デキストラン系製剤
3,代謝性医薬品,33,血液・体液用薬,331,血液代用剤,3313,脂肪コロイド製剤
3,代謝性医薬品,33,血液・体液用薬,331,血液代用剤,3319,その他の血液代用剤
3,代謝性医薬品,33,血液・体液用薬,332,止血剤,3321,カルバゾクロム系製剤
3,代謝性医薬品,33,血液・体液用薬,332,止血剤,3322,ゼラチン製剤
3,代謝性医薬品,33,血液・体液用薬,332,止血剤,3323,臓器性止血製剤
3,代謝性医薬品,33,血液・体液用薬,332,止血剤,3324,塩化鉄製剤
3,代謝性医薬品,33,血液・体液用薬,332,止血剤,3325,セルロース系製剤（可吸収性充填止血ガーゼ類を含む）
3,代謝性医薬品,33,血液・体液用薬,332,止血剤,3326,アルギン酸系製剤
3,代謝性医薬品,33,血液・体液用薬,332,止血剤,3327,抗プラスミン剤
3,代謝性医薬品,33,血液・体液用薬,332,止血剤,3329,その他の止血剤
3,代謝性医薬品,33,血液・体液用薬,333,血液凝固阻止剤,3331,輸血用クエン酸ナトリウム製剤
3,代謝性医薬品,33,血液・体液用薬,333,血液凝固阻止剤,3332,ジクマロール系製剤
3,代謝性医薬品,33,血液・体液用薬,333,血液凝固阻止剤,3333,フェニルインダンジオン製剤
3,代謝性医薬品,33,血液・体液用薬,333,血液凝固阻止剤,3334,ヘパリン製剤
3,代謝性医薬品,33,血液・体液用薬,333,血液凝固阻止剤,3339,その他の血液凝固阻止剤
3,代謝性医薬品,33,血液・体液用薬,339,その他の血液・体液用薬,3391,プロタミン製剤
3,代謝性医薬品,33,血液・体液用薬,339,その他の血液・体液用薬,3399,他に分類されない血液・体液用薬
3,代謝性医薬品,34,人工透析用薬,341,人工腎臓透析用剤,3410,人工腎臓透析用剤
3,代謝性医薬品,34,人工透析用薬,342,腹膜透析用剤,3420,腹膜透析用剤
3,代謝性医薬品,34,人工透析用薬,349,その他の人工透析用薬,3490,その他の人工透析用薬
3,代謝性医薬品,39,その他の代謝性医薬品,391,肝臓疾患用剤,3911,メチオニン製剤
3,代謝性医薬品,39,その他の代謝性医薬品,391,肝臓疾患用剤,3912,コリン製剤
3,代謝性医薬品,39,その他の代謝性医薬品,391,肝臓疾患用剤,3913,イノシトール製剤
3,代謝性医薬品,39,その他の代謝性医薬品,391,肝臓疾患用剤,3914,チオクト酸製剤
3,代謝性医薬品,39,その他の代謝性医薬品,391,肝臓疾患用剤,3915,オロチン酸製剤
3,代謝性医薬品,39,その他の代謝性医薬品,391,肝臓疾患用剤,3916,グルクロン酸製剤
3,代謝性医薬品,39,その他の代謝性医薬品,391,肝臓疾患用剤,3919,その他の肝臓疾患用剤
3,代謝性医薬品,39,その他の代謝性医薬品,392,解毒剤,3921,ＥＤＴＡ製剤
3,代謝性医薬品,39,その他の代謝性医薬品,392,解毒剤,3922,グルタチオン製剤
3,代謝性医薬品,39,その他の代謝性医薬品,392,解毒剤,3923,メルカプト酢酸系製剤（ＢＡＬを含む）
3,代謝性医薬品,39,その他の代謝性医薬品,392,解毒剤,3924,タウリン製剤
3,代謝性医薬品,39,その他の代謝性医薬品,392,解毒剤,3925,チオ硫酸ナトリウム製剤
3,代謝性医薬品,39,その他の代謝性医薬品,392,解毒剤,3929,その他の解毒剤
3,代謝性医薬品,39,その他の代謝性医薬品,393,習慣性中毒用剤,3931,銀化合物
3,代謝性医薬品,39,その他の代謝性医薬品,393,習慣性中毒用剤,3932,シアナミド製剤
3,代謝性医薬品,39,その他の代謝性医薬品,393,習慣性中毒用剤,3939,その他の習慣性中毒用剤
3,代謝性医薬品,39,その他の代謝性医薬品,394,痛風治療剤,3941,コルヒチン製剤
3,代謝性医薬品,39,その他の代謝性医薬品,394,痛風治療剤,3942,プロベネシド製剤
3,代謝性医薬品,39,その他の代謝性医薬品,394,痛風治療剤,3943,アロプリノール製剤
3,代謝性医薬品,39,その他の代謝性医薬品,394,痛風治療剤,3949,その他の痛風治療剤
3,代謝性医薬品,39,その他の代謝性医薬品,395,酵素製剤,3951,トリプシン製剤
3,代謝性医薬品,39,その他の代謝性医薬品,395,酵素製剤,3952,ストレプトキナーゼ・ストレプトドルナーゼ製剤
3,代謝性医薬品,39,その他の代謝性医薬品,395,酵素製剤,3953,ヒアルロニダーゼ製剤
3,代謝性医薬品,39,その他の代謝性医薬品,395,酵素製剤,3954,ウロキナーゼ製剤
3,代謝性医薬品,39,その他の代謝性医薬品,395,酵素製剤,3959,その他の酵素製剤
3,代謝性医薬品,39,その他の代謝性医薬品,396,糖尿病用剤,3961,スルフォニル尿素系製剤
3,代謝性医薬品,39,その他の代謝性医薬品,396,糖尿病用剤,3962,ビグアナイド系製剤
3,代謝性医薬品,39,その他の代謝性医薬品,396,糖尿病用剤,3969,その他の糖尿病用剤
3,代謝性医薬品,39,その他の代謝性医薬品,397,総合代謝性製剤,3971,ホルモン剤、ビタミン剤等含有製剤
3,代謝性医薬品,39,その他の代謝性医薬品,397,総合代謝性製剤,3972,肝臓疾患用剤、ビタミン剤等含有製剤
3,代謝性医薬品,39,その他の代謝性医薬品,397,総合代謝性製剤,3973,ホルモン剤、肝臓疾患用剤、ビタミン剤等含有製剤
3,代謝性医薬品,39,その他の代謝性医薬品,397,総合代謝性製剤,3979,その他の総合代謝性製剤
3,代謝性医薬品,39,その他の代謝性医薬品,399,他に分類されない代謝性医薬品,3991,コンドロイチン製剤
3,代謝性医薬品,39,その他の代謝性医薬品,399,他に分類されない代謝性医薬品,3992,アデノシン製剤
3,代謝性医薬品,39,その他の代謝性医薬品,399,他に分類されない代謝性医薬品,3993,催乳剤
3,代謝性医薬品,39,その他の代謝性医薬品,399,他に分類されない代謝性医薬品,3999,他に分類されないその他の代謝性医薬品
4,組織細胞機能用医薬品,41,細胞賦活用薬,411,クロロフィル製剤,4111,クロロフィル系製剤
4,組織細胞機能用医薬品,41,細胞賦活用薬,411,クロロフィル製剤,4119,その他のクロロフィル製剤
4,組織細胞機能用医薬品,41,細胞賦活用薬,412,色素製剤,4121,感光色素製剤
4,組織細胞機能用医薬品,41,細胞賦活用薬,412,色素製剤,4129,その他の色素製剤
4,組織細胞機能用医薬品,41,細胞賦活用薬,419,その他の細胞賦活用薬,4191,アデニン製剤
4,組織細胞機能用医薬品,41,細胞賦活用薬,419,その他の細胞賦活用薬,4199,他に分類されない細胞賦活用薬
4,組織細胞機能用医薬品,42,腫瘍用薬,421,アルキル化剤,4211,クロルエチルアミン系製剤
4,組織細胞機能用医薬品,42,腫瘍用薬,421,アルキル化剤,4212,エチレンイミン系製剤
4,組織細胞機能用医薬品,42,腫瘍用薬,421,アルキル化剤,4213,スルホン酸エステル系製剤
4,組織細胞機能用医薬品,42,腫瘍用薬,421,アルキル化剤,4219,その他のアルキル化剤
4,組織細胞機能用医薬品,42,腫瘍用薬,422,代謝拮抗剤,4221,メルカプトプリン系製剤
4,組織細胞機能用医薬品,42,腫瘍用薬,422,代謝拮抗剤,4222,メトトレキサート製剤
4,組織細胞機能用医薬品,42,腫瘍用薬,422,代謝拮抗剤,4223,フルオロウラシル系製剤
4,組織細胞機能用医薬品,42,腫瘍用薬,422,代謝拮抗剤,4224,シトシン系製剤
4,組織細胞機能用医薬品,42,腫瘍用薬,422,代謝拮抗剤,4229,その他の代謝拮抗剤
4,組織細胞機能用医薬品,42,腫瘍用薬,423,抗腫瘍性抗生物質製剤,4231,マイトマイシンＣ製剤
4,組織細胞機能用医薬品,42,腫瘍用薬,423,抗腫瘍性抗生物質製剤,4232,クロモマイシンＡ３製剤
4,組織細胞機能用医薬品,42,腫瘍用薬,423,抗腫瘍性抗生物質製剤,4233,アクチノマイシンＤ製剤
4,組織細胞機能用医薬品,42,腫瘍用薬,423,抗腫瘍性抗生物質製剤,4234,ブレオマイシン系製剤
4,組織細胞機能用医薬品,42,腫瘍用薬,423,抗腫瘍性抗生物質製剤,4235,アントラサイクリン系抗生物質製剤
4,組織細胞機能用医薬品,42,腫瘍用薬,423,抗腫瘍性抗生物質製剤,4236,ネオカルチノスタチン製剤
4,組織細胞機能用医薬品,42,腫瘍用薬,423,抗腫瘍性抗生物質製剤,4239,その他の抗腫瘍性抗生物質製剤
4,組織細胞機能用医薬品,42,腫瘍用薬,424,抗腫瘍性植物成分製剤,4240,抗腫瘍性植物成分製剤
4,組織細胞機能用医薬品,42,腫瘍用薬,429,その他の腫瘍用薬,4291,その他の抗悪性腫瘍用剤
4,組織細胞機能用医薬品,42,腫瘍用薬,429,その他の腫瘍用薬,4299,他に分類されない腫瘍用薬
4,組織細胞機能用医薬品,43,放射性医薬品,430,放射性医薬品,4300,放射性医薬品
4,組織細胞機能用医薬品,44,アレルギー用薬,441,抗ヒスタミン剤,4411,ジフェンヒドラミン系製剤
4,組織細胞機能用医薬品,44,アレルギー用薬,441,抗ヒスタミン剤,4412,トリペレナミン系製剤
4,組織細胞機能用医薬品,44,アレルギー用薬,441,抗ヒスタミン剤,4413,フェノチアジン系製剤
4,組織細胞機能用医薬品,44,アレルギー用薬,441,抗ヒスタミン剤,4414,トンジルアミン系製剤
4,組織細胞機能用医薬品,44,アレルギー用薬,441,抗ヒスタミン剤,4415,ジフェニルピラリン系製剤
4,組織細胞機能用医薬品,44,アレルギー用薬,441,抗ヒスタミン剤,4419,その他の抗ヒスタミン剤
4,組織細胞機能用医薬品,44,アレルギー用薬,442,刺激療法剤,4420,刺激療法剤
4,組織細胞機能用医薬品,44,アレルギー用薬,443,非特異性免疫原製剤,4430,非特異性免疫原製剤
4,組織細胞機能用医薬品,44,アレルギー用薬,449,その他のアレルギー用薬,4490,その他のアレルギー用薬
4,組織細胞機能用医薬品,49,その他の組織細胞機能用医薬品,490,その他の組織細胞機能用医薬品,4900,その他の組織細胞機能用医薬品
5,生薬及び漢方処方に基づく医薬品,51,生薬,510,生薬,5100,生薬
5,生薬及び漢方処方に基づく医薬品,52,漢方製剤,520,漢方製剤,5200,漢方製剤
5,生薬及び漢方処方に基づく医薬品,59,その他の生薬及び漢方処方に基づく医薬品,590,その他の生薬及び漢方処方に基づく医薬品,5900,その他の生薬及び漢方処方に基づく医薬品
6,病原生物に対する医薬品,61,抗生物質製剤,611,主としてグラム陽性菌に作用するもの,6111,ペニシリン系抗生物質製剤
6,病原生物に対する医薬品,61,抗生物質製剤,611,主としてグラム陽性菌に作用するもの,6112,リンコマイシン系抗生物質製剤
6,病原生物に対する医薬品,61,抗生物質製剤,611,主としてグラム陽性菌に作用するもの,6113,バンコマイシン製剤
6,病原生物に対する医薬品,61,抗生物質製剤,611,主としてグラム陽性菌に作用するもの,6119,その他の主としてグラム陽性菌に作用するもの
6,病原生物に対する医薬品,61,抗生物質製剤,612,主としてグラム陰性菌に作用するもの,6121,ペニシリン系抗生物質製剤
6,病原生物に対する医薬品,61,抗生物質製剤,612,主としてグラム陰性菌に作用するもの,6122,モノバクタム系抗生物質製剤
6,病原生物に対する医薬品,61,抗生物質製剤,612,主としてグラム陰性菌に作用するもの,6123,アミノ糖系抗生物質製剤
6,病原生物に対する医薬品,61,抗生物質製剤,612,主としてグラム陰性菌に作用するもの,6124,スペクチノマイシン製剤
6,病原生物に対する医薬品,61,抗生物質製剤,612,主としてグラム陰性菌に作用するもの,6125,コリスチン製剤
6,病原生物に対する医薬品,61,抗生物質製剤,612,主としてグラム陰性菌に作用するもの,6126,ポリミキシンＢ製剤
6,病原生物に対する医薬品,61,抗生物質製剤,612,主としてグラム陰性菌に作用するもの,6129,その他の主としてグラム陰性菌に作用するもの
6,病原生物に対する医薬品,61,抗生物質製剤,613,主としてグラム陽性・陰性菌に作用するもの,6131,ペニシリン系抗生物質製剤
6,病原生物に対する医薬品,61,抗生物質製剤,613,主としてグラム陽性・陰性菌に作用するもの,6132,セフェム系抗生物質製剤
6,病原生物に対する医薬品,61,抗生物質製剤,613,主としてグラム陽性・陰性菌に作用するもの,6133,オキサセフェム系抗生物質製剤
6,病原生物に対する医薬品,61,抗生物質製剤,613,主としてグラム陽性・陰性菌に作用するもの,6134,アミノ糖系抗生物質製剤
6,病原生物に対する医薬品,61,抗生物質製剤,613,主としてグラム陽性・陰性菌に作用するもの,6135,ホスホマイシン製剤
6,病原生物に対する医薬品,61,抗生物質製剤,613,主としてグラム陽性・陰性菌に作用するもの,6139,その他の主としてグラム陽性・陰性菌に作用するもの
6,病原生物に対する医薬品,61,抗生物質製剤,614,主としてグラム陽性菌、マイコプラズマに作用するもの,6141,エリスロマイシン製剤
6,病原生物に対する医薬品,61,抗生物質製剤,614,主としてグラム陽性菌、マイコプラズマに作用するもの,6142,スピラマイシン系抗生物質製剤
6,病原生物に対する医薬品,61,抗生物質製剤,614,主としてグラム陽性菌、マイコプラズマに作用するもの,6143,キタサマイシン製剤
6,病原生物に対する医薬品,61,抗生物質製剤,614,主としてグラム陽性菌、マイコプラズマに作用するもの,6144,オレアンドマイシン製剤
6,病原生物に対する医薬品,61,抗生物質製剤,614,主としてグラム陽性菌、マイコプラズマに作用するもの,6145,ジョサマイシン製剤
6,病原生物に対する医薬品,61,抗生物質製剤,614,主としてグラム陽性菌、マイコプラズマに作用するもの,6146,ミデカマイシン製剤
6,病原生物に対する医薬品,61,抗生物質製剤,614,主としてグラム陽性菌、マイコプラズマに作用するもの,6149,その他の主としてグラム陽性菌、マイコプラズマに作用するもの
6,病原生物に対する医薬品,61,抗生物質製剤,615,主としてグラム陽性・陰性菌、リケッチア、クラミジアに作用するもの,6151,クロラムフェニコール製剤
6,病原生物に対する医薬品,61,抗生物質製剤,615,主としてグラム陽性・陰性菌、リケッチア、クラミジアに作用するもの,6152,テトラサイクリン系抗生物質製剤
6,病原生物に対する医薬品,61,抗生物質製剤,615,主としてグラム陽性・陰性菌、リケッチア、クラミジアに作用するもの,6159,その他の主としてグラム陽性・陰性菌、リケッチア、クラミジアに作用するもの
6,病原生物に対する医薬品,61,抗生物質製剤,616,主として抗酸菌に作用するもの,6161,ストレプトマイシン系抗生物質製剤
6,病原生物に対する医薬品,61,抗生物質製剤,616,主として抗酸菌に作用するもの,6162,サイクロセリン製剤
6,病原生物に対する医薬品,61,抗生物質製剤,616,主として抗酸菌に作用するもの,6163,カプレオマイシン製剤
6,病原生物に対する医薬品,61,抗生物質製剤,616,主として抗酸菌に作用するもの,6164,リファンピシン製剤
6,病原生物に対する医薬品,61,抗生物質製剤,616,主として抗酸菌に作用するもの,6165,エンビオマイシン製剤
6,病原生物に対する医薬品,61,抗生物質製剤,616,主として抗酸菌に作用するもの,6169,その他の主として抗酸菌に作用するもの
6,病原生物に対する医薬品,61,抗生物質製剤,617,主としてカビに作用するもの,6171,ナイスタチオン製剤
6,病原生物に対する医薬品,61,抗生物質製剤,617,主としてカビに作用するもの,6172,グリセオフルビン製剤
6,病原生物に対する医薬品,61,抗生物質製剤,617,主としてカビに作用するもの,6173,アムホテリシンＢ製剤
6,病原生物に対する医薬品,61,抗生物質製剤,617,主としてカビに作用するもの,6179,その他の主としてカビに作用するもの
6,病原生物に対する医薬品,61,抗生物質製剤,619,その他の抗生物質製剤（複合抗生物質製剤を含む）,6191,ペニシリン系抗生物質複合製剤
6,病原生物に対する医薬品,61,抗生物質製剤,619,その他の抗生物質製剤（複合抗生物質製剤を含む）,6192,テトラサイクリン系抗生物質複合製剤
6,病原生物に対する医薬品,61,抗生物質製剤,619,その他の抗生物質製剤（複合抗生物質製剤を含む）,6193,その他の複合抗生物質製剤
6,病原生物に対する医薬品,61,抗生物質製剤,619,その他の抗生物質製剤（複合抗生物質製剤を含む）,6199,他に分類されない抗生物質製剤
6,病原生物に対する医薬品,62,化学療法剤,621,サルファ剤,6211,チアゾール核を有するサルファ剤
6,病原生物に対する医薬品,62,化学療法剤,621,サルファ剤,6212,イソキサゾール核を有するサルファ剤
6,病原生物に対する医薬品,62,化学療法剤,621,サルファ剤,6213,ピリミジン核を有するサルファ剤
6,病原生物に対する医薬品,62,化学療法剤,621,サルファ剤,6214,ピリダジン核を有するサルファ剤
6,病原生物に対する医薬品,62,化学療法剤,621,サルファ剤,6215,ピラゾール核を有するサルファ剤
6,病原生物に対する医薬品,62,化学療法剤,621,サルファ剤,6219,その他のサルファ剤
6,病原生物に対する医薬品,62,化学療法剤,622,抗結核剤,6221,パラアミノサリチル系製剤
6,病原生物に対する医薬品,62,化学療法剤,622,抗結核剤,6222,イソニアジド系製剤
6,病原生物に対する医薬品,62,化学療法剤,622,抗結核剤,6223,ピラジナミド製剤
6,病原生物に対する医薬品,62,化学療法剤,622,抗結核剤,6224,エチオナミド製剤
6,病原生物に対する医薬品,62,化学療法剤,622,抗結核剤,6225,エタンブトール製剤
6,病原生物に対する医薬品,62,化学療法剤,622,抗結核剤,6229,その他の抗結核剤
6,病原生物に対する医薬品,62,化学療法剤,623,抗ハンセン病剤,6231,スルフォン製剤
6,病原生物に対する医薬品,62,化学療法剤,623,抗ハンセン病剤,6232,ダイフウシ油製剤
6,病原生物に対する医薬品,62,化学療法剤,623,抗ハンセン病剤,6239,その他の抗ハンセン病剤
6,病原生物に対する医薬品,62,化学療法剤,624,合成抗菌剤,6241,ピリドンカルボン酸系製剤
6,病原生物に対する医薬品,62,化学療法剤,624,合成抗菌剤,6249,その他の合成抗菌剤
6,病原生物に対する医薬品,62,化学療法剤,625,抗ウイルス剤,6250,抗ウイルス剤
6,病原生物に対する医薬品,62,化学療法剤,629,その他の化学療法剤,6290,その他の化学療法剤
6,病原生物に対する医薬品,63,生物学的製剤,631,ワクチン類,6311,細菌ワクチン類
6,病原生物に対する医薬品,63,生物学的製剤,631,ワクチン類,6312,リケッチアワクチン類
6,病原生物に対する医薬品,63,生物学的製剤,631,ワクチン類,6313,ウイルスワクチン類
6,病原生物に対する医薬品,63,生物学的製剤,631,ワクチン類,6314,レプトスピラワクチン類
6,病原生物に対する医薬品,63,生物学的製剤,631,ワクチン類,6319,その他のワクチン類
6,病原生物に対する医薬品,63,生物学的製剤,632,毒素及びトキソイド類,6321,毒素類
6,病原生物に対する医薬品,63,生物学的製剤,632,毒素及びトキソイド類,6322,トキソイド類
6,病原生物に対する医薬品,63,生物学的製剤,633,抗毒素類及び抗レプトスピラ血清類,6331,抗毒素類
6,病原生物に対する医薬品,63,生物学的製剤,633,抗毒素類及び抗レプトスピラ血清類,6332,抗レプトスピラ血清類
6,病原生物に対する医薬品,63,生物学的製剤,634,血液製剤類,6341,全血製剤
6,病原生物に対する医薬品,63,生物学的製剤,634,血液製剤類,6342,血液成分製剤
6,病原生物に対する医薬品,63,生物学的製剤,634,血液製剤類,6343,血漿分画製剤
6,病原生物に対する医薬品,63,生物学的製剤,634,血液製剤類,6344,診断用血液製剤
6,病原生物に対する医薬品,63,生物学的製剤,634,血液製剤類,6349,その他の血液製剤類
6,病原生物に対する医薬品,63,生物学的製剤,635,生物学的試験用製剤類,6351,抗原類
6,病原生物に対する医薬品,63,生物学的製剤,635,生物学的試験用製剤類,6352,診断用血清類
6,病原生物に対する医薬品,63,生物学的製剤,635,生物学的試験用製剤類,6353,補体及び溶血素類
6,病原生物に対する医薬品,63,生物学的製剤,635,生物学的試験用製剤類,6359,その他の生物学的試験用製剤類
6,病原生物に対する医薬品,63,生物学的製剤,636,混合生物学的製剤,6361,ワクチン・トキソイド混合製剤
6,病原生物に対する医薬品,63,生物学的製剤,636,混合生物学的製剤,6369,その他の混合生物学的製剤
6,病原生物に対する医薬品,63,生物学的製剤,639,その他の生物学的製剤,6391,結核菌含有及び抗アレルギー的物質製剤
6,病原生物に対する医薬品,63,生物学的製剤,639,その他の生物学的製剤,6392,シュワルツマンろ液製剤
6,病原生物に対する医薬品,63,生物学的製剤,639,その他の生物学的製剤,6393,精製ツベルクリン
6,病原生物に対する医薬品,63,生物学的製剤,639,その他の生物学的製剤,6399,他に分類されない生物学的製剤
6,病原生物に対する医薬品,64,寄生動物用薬,641,抗原虫剤,6411,アミノキノリン製剤
6,病原生物に対する医薬品,64,寄生動物用薬,641,抗原虫剤,6412,オキシキノリン製剤
6,病原生物に対する医薬品,64,寄生動物用薬,641,抗原虫剤,6413,ヨードキノリン製剤
6,病原生物に対する医薬品,64,寄生動物用薬,641,抗原虫剤,6414,アクリジン系製剤
6,病原生物に対する医薬品,64,寄生動物用薬,641,抗原虫剤,6415,キニーネ製剤
6,病原生物に対する医薬品,64,寄生動物用薬,641,抗原虫剤,6416,アミニトロゾール製剤
6,病原生物に対する医薬品,64,寄生動物用薬,641,抗原虫剤,6417,カルバマジン系製剤
6,病原生物に対する医薬品,64,寄生動物用薬,641,抗原虫剤,6418,アルカロイド製剤
6,病原生物に対する医薬品,64,寄生動物用薬,641,抗原虫剤,6419,その他の抗原虫剤
6,病原生物に対する医薬品,64,寄生動物用薬,642,駆虫剤,6421,レゾルシン系製剤
6,病原生物に対する医薬品,64,寄生動物用薬,642,駆虫剤,6422,チモール系製剤
6,病原生物に対する医薬品,64,寄生動物用薬,642,駆虫剤,6423,ナフトール系製剤
6,病原生物に対する医薬品,64,寄生動物用薬,642,駆虫剤,6424,サントニン系製剤
6,病原生物に対する医薬品,64,寄生動物用薬,642,駆虫剤,6425,マクリ製剤
6,病原生物に対する医薬品,64,寄生動物用薬,642,駆虫剤,6426,アスカリドール及びヘノポジ油製剤
6,病原生物に対する医薬品,64,寄生動物用薬,642,駆虫剤,6427,生薬製剤
6,病原生物に対する医薬品,64,寄生動物用薬,642,駆虫剤,6428,ピペラジン製剤
6,病原生物に対する医薬品,64,寄生動物用薬,642,駆虫剤,6429,その他の駆虫剤
6,病原生物に対する医薬品,64,寄生動物用薬,649,その他の寄生動物用薬,6490,その他の寄生動物用薬
6,病原生物に対する医薬品,69,その他の病原生物に対する医薬品,690,その他の病原生物に対する医薬品,6900,その他の病原生物に対する医薬品
7,治療を主目的としない医薬品,71,調剤用薬,711,賦形剤,7111,乳糖類
7,治療を主目的としない医薬品,71,調剤用薬,711,賦形剤,7112,デンプン類
7,治療を主目的としない医薬品,71,調剤用薬,711,賦形剤,7113,タルク類
7,治療を主目的としない医薬品,71,調剤用薬,711,賦形剤,7119,その他の賦形剤
7,治療を主目的としない医薬品,71,調剤用薬,712,軟膏基剤,7121,油脂性基剤
7,治療を主目的としない医薬品,71,調剤用薬,712,軟膏基剤,7122,乳剤性基剤
7,治療を主目的としない医薬品,71,調剤用薬,712,軟膏基剤,7123,水溶性基剤
7,治療を主目的としない医薬品,71,調剤用薬,712,軟膏基剤,7124,懸濁剤性基剤
7,治療を主目的としない医薬品,71,調剤用薬,712,軟膏基剤,7129,その他の軟膏基剤
7,治療を主目的としない医薬品,71,調剤用薬,713,溶解剤,7131,精製水類
7,治療を主目的としない医薬品,71,調剤用薬,713,溶解剤,7132,食塩水類
7,治療を主目的としない医薬品,71,調剤用薬,713,溶解剤,7133,エタノール類
7,治療を主目的としない医薬品,71,調剤用薬,713,溶解剤,7134,エーテル類
7,治療を主目的としない医薬品,71,調剤用薬,713,溶解剤,7139,その他の溶解剤
7,治療を主目的としない医薬品,71,調剤用薬,714,矯味、矯臭、着色剤,7141,合成甘味剤
7,治療を主目的としない医薬品,71,調剤用薬,714,矯味、矯臭、着色剤,7142,シロップ製剤
7,治療を主目的としない医薬品,71,調剤用薬,714,矯味、矯臭、着色剤,7143,生薬製剤
7,治療を主目的としない医薬品,71,調剤用薬,714,矯味、矯臭、着色剤,7144,有機着色剤
7,治療を主目的としない医薬品,71,調剤用薬,714,矯味、矯臭、着色剤,7145,無機着色剤
7,治療を主目的としない医薬品,71,調剤用薬,714,矯味、矯臭、着色剤,7149,その他の矯味、矯臭、着色剤
7,治療を主目的としない医薬品,71,調剤用薬,715,乳化剤,7150,乳化剤
7,治療を主目的としない医薬品,71,調剤用薬,719,その他の調剤用薬,7190,その他の調剤用薬
7,治療を主目的としない医薬品,72,診断用薬（体外診断用医薬品を除く）,721,Ｘ線造影剤,7211,ヨウ素化合物製剤
7,治療を主目的としない医薬品,72,診断用薬（体外診断用医薬品を除く）,721,Ｘ線造影剤,7212,バリウム塩製剤
7,治療を主目的としない医薬品,72,診断用薬（体外診断用医薬品を除く）,721,Ｘ線造影剤,7213,造影補助剤
7,治療を主目的としない医薬品,72,診断用薬（体外診断用医薬品を除く）,721,Ｘ線造影剤,7214,配合製剤
7,治療を主目的としない医薬品,72,診断用薬（体外診断用医薬品を除く）,721,Ｘ線造影剤,7219,その他のＸ線造影剤
7,治療を主目的としない医薬品,72,診断用薬（体外診断用医薬品を除く）,722,機能検査用試薬,7221,消化機能検査用試薬
7,治療を主目的としない医薬品,72,診断用薬（体外診断用医薬品を除く）,722,機能検査用試薬,7222,循環機能検査用試薬
7,治療を主目的としない医薬品,72,診断用薬（体外診断用医薬品を除く）,722,機能検査用試薬,7223,内分泌機能検査用試薬
7,治療を主目的としない医薬品,72,診断用薬（体外診断用医薬品を除く）,722,機能検査用試薬,7224,肝機能検査用試薬
7,治療を主目的としない医薬品,72,診断用薬（体外診断用医薬品を除く）,722,機能検査用試薬,7225,腎機能検査用試薬
7,治療を主目的としない医薬品,72,診断用薬（体外診断用医薬品を除く）,722,機能検査用試薬,7226,自律神経機能検査用試薬
7,治療を主目的としない医薬品,72,診断用薬（体外診断用医薬品を除く）,722,機能検査用試薬,7229,その他の機能検査用試薬
7,治療を主目的としない医薬品,72,診断用薬（体外診断用医薬品を除く）,729,その他の診断用薬（体外診断用医薬品を除く）,7290,その他の診断用薬（体外診断用医薬品を除く）
7,治療を主目的としない医薬品,73,公衆衛生用薬,731,防腐剤,7311,パラオキシ安息香酸エステル系製剤
7,治療を主目的としない医薬品,73,公衆衛生用薬,731,防腐剤,7312,デヒドロ酢酸系製剤
7,治療を主目的としない医薬品,73,公衆衛生用薬,731,防腐剤,7319,その他の防腐剤
7,治療を主目的としない医薬品,73,公衆衛生用薬,732,防疫用殺菌消毒剤,7321,アルコール及びアルデヒド製剤
7,治療を主目的としない医薬品,73,公衆衛生用薬,732,防疫用殺菌消毒剤,7322,フェノール及びクロロフェノール製剤
7,治療を主目的としない医薬品,73,公衆衛生用薬,732,防疫用殺菌消毒剤,7323,水銀化合物製剤
7,治療を主目的としない医薬品,73,公衆衛生用薬,732,防疫用殺菌消毒剤,7324,逆性石けん製剤
7,治療を主目的としない医薬品,73,公衆衛生用薬,732,防疫用殺菌消毒剤,7325,クレゾール類製剤
7,治療を主目的としない医薬品,73,公衆衛生用薬,732,防疫用殺菌消毒剤,7326,殺菌消毒用石けん類
7,治療を主目的としない医薬品,73,公衆衛生用薬,732,防疫用殺菌消毒剤,7329,その他の防疫用殺菌消毒剤
7,治療を主目的としない医薬品,73,公衆衛生用薬,733,防虫剤,7331,ジクロルベンゼン系製剤
7,治療を主目的としない医薬品,73,公衆衛生用薬,733,防虫剤,7332,ジエチルトルアミド製剤
7,治療を主目的としない医薬品,73,公衆衛生用薬,733,防虫剤,7333,ナフタリン製剤
7,治療を主目的としない医薬品,73,公衆衛生用薬,733,防虫剤,7339,その他の防虫剤
7,治療を主目的としない医薬品,73,公衆衛生用薬,734,殺虫剤,7341,フェンチオン製剤
7,治療を主目的としない医薬品,73,公衆衛生用薬,734,殺虫剤,7342,トリクロルホン製剤
7,治療を主目的としない医薬品,73,公衆衛生用薬,734,殺虫剤,7343,ダイアジノン製剤
7,治療を主目的としない医薬品,73,公衆衛生用薬,734,殺虫剤,7344,ジクロルボス製剤
7,治療を主目的としない医薬品,73,公衆衛生用薬,734,殺虫剤,7345,マラチオン製剤
7,治療を主目的としない医薬品,73,公衆衛生用薬,734,殺虫剤,7346,フェニトロチオン製剤
7,治療を主目的としない医薬品,73,公衆衛生用薬,734,殺虫剤,7347,除虫菊製剤（合成を含む）
7,治療を主目的としない医薬品,73,公衆衛生用薬,734,殺虫剤,7348,混合製剤
7,治療を主目的としない医薬品,73,公衆衛生用薬,734,殺虫剤,7349,その他の殺虫剤
7,治療を主目的としない医薬品,73,公衆衛生用薬,735,殺鼠剤,7351,クマリン系製剤
7,治療を主目的としない医薬品,73,公衆衛生用薬,735,殺鼠剤,7352,アンツー製剤
7,治療を主目的としない医薬品,73,公衆衛生用薬,735,殺鼠剤,7353,バリウム製剤
7,治療を主目的としない医薬品,73,公衆衛生用薬,735,殺鼠剤,7354,黄リン製剤
7,治療を主目的としない医薬品,73,公衆衛生用薬,735,殺鼠剤,7355,ヒ素化合物製剤
7,治療を主目的としない医薬品,73,公衆衛生用薬,735,殺鼠剤,7359,その他の殺鼠剤
7,治療を主目的としない医薬品,73,公衆衛生用薬,739,その他の公衆衛生用薬,7391,防臭剤
7,治療を主目的としない医薬品,73,公衆衛生用薬,739,その他の公衆衛生用薬,7399,他に分類されない公衆衛生用薬
7,治療を主目的としない医薬品,74,体外診断用医薬品,741,一般検査用試薬,7411,尿検査用試薬
7,治療を主目的としない医薬品,74,体外診断用医薬品,741,一般検査用試薬,7412,糞便検査用試薬
7,治療を主目的としない医薬品,74,体外診断用医薬品,741,一般検査用試薬,7413,腎液検査用試薬
7,治療を主目的としない医薬品,74,体外診断用医薬品,741,一般検査用試薬,7414,髄液検査用試薬
7,治療を主目的としない医薬品,74,体外診断用医薬品,741,一般検査用試薬,7419,その他の一般検査用試薬
7,治療を主目的としない医薬品,74,体外診断用医薬品,742,血液検査用試薬,7421,形態学的理学的諸検査用試薬
7,治療を主目的としない医薬品,74,体外診断用医薬品,742,血液検査用試薬,7422,出血性素因に関する検査用試薬
7,治療を主目的としない医薬品,74,体外診断用医薬品,742,血液検査用試薬,7429,その他の血液検査用試薬
7,治療を主目的としない医薬品,74,体外診断用医薬品,743,生化学的検査用試薬,7431,無機質検査用試薬
7,治療を主目的としない医薬品,74,体外診断用医薬品,743,生化学的検査用試薬,7432,蛋白並びに窒素成分検査用試薬
7,治療を主目的としない医薬品,74,体外診断用医薬品,743,生化学的検査用試薬,7433,糖質検査用試薬
7,治療を主目的としない医薬品,74,体外診断用医薬品,743,生化学的検査用試薬,7434,脂質検査用試薬
7,治療を主目的としない医薬品,74,体外診断用医薬品,743,生化学的検査用試薬,7435,酵素検査用試薬
7,治療を主目的としない医薬品,74,体外診断用医薬品,743,生化学的検査用試薬,7436,ビタミン検査用試薬
7,治療を主目的としない医薬品,74,体外診断用医薬品,743,生化学的検査用試薬,7439,その他の生化学的検査用試薬
7,治療を主目的としない医薬品,74,体外診断用医薬品,744,免疫血清学的検査用試薬,7441,血液型並びに免疫血液学的検査用試薬
7,治療を主目的としない医薬品,74,体外診断用医薬品,744,免疫血清学的検査用試薬,7442,梅毒検査用試薬
7,治療を主目的としない医薬品,74,体外診断用医薬品,744,免疫血清学的検査用試薬,7443,非特異的血清反応検査用試薬
7,治療を主目的としない医薬品,74,体外診断用医薬品,744,免疫血清学的検査用試薬,7444,細菌ウイルス検査用試薬
7,治療を主目的としない医薬品,74,体外診断用医薬品,744,免疫血清学的検査用試薬,7445,皮膚反応検査用試薬
7,治療を主目的としない医薬品,74,体外診断用医薬品,744,免疫血清学的検査用試薬,7449,その他の免疫血清学的検査用試薬
7,治療を主目的としない医薬品,74,体外診断用医薬品,745,細菌学的検査用薬,7451,増殖用培地
7,治療を主目的としない医薬品,74,体外診断用医薬品,745,細菌学的検査用薬,7452,一般性状確認用培地
7,治療を主目的としない医薬品,74,体外診断用医薬品,745,細菌学的検査用薬,7453,各属菌の培地
7,治療を主目的としない医薬品,74,体外診断用医薬品,745,細菌学的検査用薬,7454,腸内細菌及びその類似菌検査用培地
7,治療を主目的としない医薬品,74,体外診断用医薬品,745,細菌学的検査用薬,7455,病原ビブリオ用培地
7,治療を主目的としない医薬品,74,体外診断用医薬品,745,細菌学的検査用薬,7456,ＰＰＬＯ用培地
7,治療を主目的としない医薬品,74,体外診断用医薬品,745,細菌学的検査用薬,7457,ディスク類
7,治療を主目的としない医薬品,74,体外診断用医薬品,745,細菌学的検査用薬,7458,尿路感染症検査用薬
7,治療を主目的としない医薬品,74,体外診断用医薬品,745,細菌学的検査用薬,7459,その他の細菌学的検査用薬
7,治療を主目的としない医薬品,74,体外診断用医薬品,746,病理組織検査用薬,7460,病理組織検査用薬
7,治療を主目的としない医薬品,74,体外診断用医薬品,747,体外診断用放射性医薬品,7470,体外診断用放射性医薬品
7,治療を主目的としない医薬品,74,体外診断用医薬品,749,その他の体外診断用医薬品,7490,その他の体外診断用医薬品
7,治療を主目的としない医薬品,79,その他の治療を主目的としない医薬品,791,絆創膏,7910,絆創膏
7,治療を主目的としない医薬品,79,その他の治療を主目的としない医薬品,799,他に分類されない治療を主目的としない医薬品,7990,他に分類されない治療を主目的としない医薬品
8,麻薬,81,アルカロイド系麻薬（天然麻薬）,811,あへんアルカロイド系麻薬,8111,あへん
8,麻薬,81,アルカロイド系麻薬（天然麻薬）,811,あへんアルカロイド系麻薬,8112,あへん末製剤
8,麻薬,81,アルカロイド系麻薬（天然麻薬）,811,あへんアルカロイド系麻薬,8113,あへんチンキ及びエキス類製剤
8,麻薬,81,アルカロイド系麻薬（天然麻薬）,811,あへんアルカロイド系麻薬,8114,モルヒネ系製剤
8,麻薬,81,アルカロイド系麻薬（天然麻薬）,811,あへんアルカロイド系麻薬,8115,コデイン系製剤
8,麻薬,81,アルカロイド系麻薬（天然麻薬）,811,あへんアルカロイド系麻薬,8119,その他のあへんアルカロイド系麻薬
8,麻薬,81,アルカロイド系麻薬（天然麻薬）,812,コカアルカロイド系製剤,8121,コカイン系製剤
8,麻薬,81,アルカロイド系麻薬（天然麻薬）,812,コカアルカロイド系製剤,8129,その他のコカアルカロイド系製剤
8,麻薬,81,アルカロイド系麻薬（天然麻薬）,819,その他のアルカロイド系麻薬（天然麻薬）,8190,その他のアルカロイド系麻薬（天然麻薬）
8,麻薬,82,非アルカロイド系麻薬,821,合成麻薬,8211,フェニルピペリジン系製剤
8,麻薬,82,非アルカロイド系麻薬,821,合成麻薬,8219,その他の合成麻薬
8,麻薬,82,非アルカロイド系麻薬,829,その他の非アルカロイド系麻薬,8290,その他の非アルカロイド系麻薬
8,麻薬,89,その他の麻薬,890,その他の麻薬,8900,その他の麻薬
